gx,gy,gz,ax,ay,az,label
0,0,0,0,0,0,0
-114503816,8854962,-129771,-12207031,2319336,8984375,0
-53435112,40458016,7633588,-11206055,22949218,9003906,0
-221374052,473282468,-122137408,-12182617,29052734,8979492,0
-183206116,5954198,7633588,-11425781,25146484,89501952,0
-229007632,7557252,-45801528,-1184082,26367188,8935547,0
-2977099,14351145,15267176,-115234376,234375,9057617,0
-16030534,11450381,183206116,-119384768,22460938,90185544,0
473282468,54198476,-221374052,-119628904,2368164,8972168,0
-419847336,11374046,-7633588,-12719726,234375,9033203,0
-32061068,9160305,-13740458,-12011719,17089844,892334,0
-6183206,1038168,221374052,-12817383,20263672,8967285,0
45801528,9847328,-3129771,-11816406,21972656,8996582,0
-91603052,13053435,8396947,-118652344,253906252,9050293,0
-10687023,8167939,-61068704,-12475586,28320312,9042969,0
-32824428,11450381,7633588,-12036133,19042968,9016113,0
-86259544,732824436,-78625952,-11352539,25634766,8935547,0
29007636,480916032,-129771,-12597656,28320312,89404296,0
6870229,83206104,-13740458,-12036133,24658204,898681664,0
-38015268,2076336,-10305344,-13012696,146484368,90356448,0
-60305348,21374046,1351145,-123046872,10253906,93359376,0
-2832061,2427481,-229007632,-12133789,2734375,8820801,0
-3923664,23587788,-45801528,-12060547,2319336,9069824,0
-58778624,13206106,-32824428,-1237793,28320312,89501952,0
-458015268,1389313,-10687023,-123046872,24414062,89208984,0
-47175576,370229,66946564,-1430664,-20751954,10195312,0
22900764,6946565,53435112,-12084961,2734375,904785136,0
-221374052,1389313,-13740458,-118896488,2319336,8955078,0
458015268,58778624,53435112,-12060547,18066406,9055176,0
-732824436,5801527,-6870229,-13232422,234375,8972168,0
-1610687,2221374,8396947,-123046872,24169922,90234376,0
1908397,7480916,-53435112,-12133789,24658204,90234376,0
0,9312977,-22900764,-12573242,18798828,90893552,0
20595418,-13656488,-21068702,-11035156,45654296,8803711,0
-10450381,-33587788,13206106,3857422,-2578125,9020996,0
-122137408,-229007632,-8396947,-13256836,214843736,8955078,0
3816794,191603052,732824436,-13500976,20996094,9016113,0
7633588,18625954,-60305348,-12915039,21972656,9050293,0
-6870229,15267176,-183206116,-13647461,25146484,9001465,0
-7633588,15496184,610687,-15185547,48828124,92749024,0
-129771,14961832,-33587788,-1303711,28320312,89941408,0
-21374046,5038168,-2977099,-13134766,2709961,8991699,0
-61068704,12061069,-2351145,-13085938,21972656,8852539,0
389312984,221374052,473282468,-13061524,1977539,8967285,0
-8151908,6565649,14480916,-27563476,3618164,84765624,0
-61068704,41297708,3740458,-13793946,29785156,89819336,0
22900764,-58778624,3816794,-13671875,22216796,895751936,0
15267176,14427481,-13740458,-13085938,20263672,8984375,0
8244275,13969466,-2977099,-13745117,22949218,89086916,0
366412232,182442752,-6870229,-12207031,25634766,907714832,0
-22900764,419847336,-99236648,-14501953,2734375,889648464,0
-15267176,2519084,-221374052,-13696289,19042968,9001465,0
15267176,11526718,-8396947,-13183594,24902344,89746092,0
-99236648,8778626,45801528,-1381836,24414062,9020996,0
-129771,4961832,-1908397,-13012696,28808594,8952637,0
229007632,8167939,-6870229,-13647461,22216796,89404296,0
-8396947,-7633588,-6870229,-13867188,16845704,91064456,0
-61068704,1908397,-14656489,-13696289,1953125,8898926,0
-229007632,8167939,-7633588,-13110352,26123046,8840332,0
-18396946,-3610687,-2038168,-1315918,17333984,907959,0
-6870229,473282468,-30534352,-1340332,214843736,8989258,0
-3816794,9465649,-114503816,-13769531,23925782,900634736,0
-7633588,11221374,-198473292,-13232422,18554688,898681664,0
-229007632,13740458,-15267176,-14208984,18066406,89331052,0
-21374046,4274809,99236648,-13745117,2368164,8955078,0
-15961832,77709923,4274809,-10961914,20507812,9746094,0
-7633588,17557252,-45801528,-14208984,23925782,89819336,0
61068704,14885496,-6870229,-1352539,19042968,89746092,0
-22900764,90839692,61068704,-13378906,27832032,90527348,0
-6870229,10305344,-221374052,-13330078,26855468,890625,0
-7633588,77099232,7633588,-13720703,17333984,90600584,0
7633588,8091603,61068704,-14086914,17089844,9033203,0
-183206116,10229008,7633588,-13647461,1928711,89208984,0
-17557252,343511468,22900764,-13623047,22216796,8967285,0
-99236648,13587786,-7633588,-13598633,20263672,8894043,0
-259542,67175576,-259542,-14038086,1977539,89746092,0
-15267176,9389313,-45801528,-13476562,17089844,9055176,0
-15267176,55725192,91603052,-13256836,28320312,8989258,0
13740458,740458,-8396947,-13891602,20996094,89282224,0
-16030534,9389313,-30534352,-13549804,25634766,8967285,0
-6870229,90839692,21374046,-1328125,22949218,8964844,0
-15267176,77099232,-17557252,-13183594,1928711,8925781,0
7633588,778625968,-91603052,-13671875,25634766,8937988,0
61068704,7099237,-122137408,-12670898,22460938,89697268,0
-122137408,77099232,-259542,-13256836,21240234,89331052,0
-2519084,52671752,-7633588,-13305664,22216796,900634736,0
-16793894,35114504,-198473292,-13769531,20019532,8967285,0
-22900764,45038168,-1908397,-13549804,20751954,900634736,0
-244274816,7099237,-30534352,-13476562,20507812,8989258,0
-15267176,389312984,-343511468,-13964844,23925782,90185544,0
-13740458,71755732,99236648,-13183594,175781252,8996582,0
-14503818,13969466,-229007632,-14282226,18066406,90527348,0
45801528,473282468,-7633588,-13500976,2368164,8972168,0
122137408,12519084,412213736,-13085938,18310546,8925781,0
-30534352,15114504,-3816794,-13647461,21972656,9003906,0
-45801528,-21374046,-99236648,-12915039,21972656,900634736,0
-26717558,11755725,-91603052,-13842774,1977539,8937988,0
7633588,15267176,-7633588,-13500976,2319336,8937988,0
-236641232,83206104,-129771,-13842774,28320312,89331052,0
-45801528,11984733,-198473292,-1352539,1928711,9042969,0
-91603052,977099264,-6870229,-13574219,20263672,88916016,0
-91603052,793893168,-6870229,-13427734,28076172,8996582,0
-2977099,5114504,-22900764,-1303711,24414062,89941408,0
-2519084,28244276,-2519084,-1340332,2368164,895751936,0
-55725192,977099264,-2519084,-14013672,24169922,904785136,0
-198473292,778625968,-259542,-13793946,25634766,88842776,0
-27480916,3129771,-244274816,-13110352,1928711,88842776,0
-3129771,9312977,-1908397,-12426758,16845704,89941408,0
-129771,10839695,7633588,-13891602,2319336,90356448,0
-91603052,7633588,-7633588,-12890625,2319336,898681664,0
-91603052,5496183,-7633588,-13647461,28076172,8947754,0
-15267176,10687023,-91603052,-1315918,18554688,91015624,0
-114503816,11908396,-26717558,-13232422,26367188,8864746,0
-1908397,9236641,45801528,-13769531,18066406,8964844,0
-8396947,6183206,-206106868,-13964844,14892578,89819336,0
-16030534,89312976,-7633588,-14428711,20019532,8977051,0
-480916032,389312984,-183206116,-13696289,19042968,90722652,0
-15267176,793893168,-129771,-13964844,24902344,90722652,0
244274816,419847336,7633588,-13232422,24414062,9038086,0
7633588,77099232,-16793894,-13500976,18066406,89941408,0
-229007632,6183206,15267176,-13989258,1928711,900634736,0
-10687023,8778626,-91603052,-1352539,20507812,8979492,0
-15267176,99236643,-53435112,-13330078,18310546,8996582,0
-21374046,9847328,45801528,-13549804,17822266,89697268,0
-30534352,9694657,7633588,-1340332,22949218,90234376,0
-7633588,8854962,22900764,-14086914,2368164,90600584,0
-61068704,740458,6870229,-12719726,18310546,89697268,0
53435112,9389313,-91603052,-13964844,1586914,8952637,0
-7633588,8015267,-206106868,-13500976,20263672,89404296,0
-14503818,78625952,-22900764,-14135742,2319336,9030762,0
-122137408,793893168,-229007632,-13671875,24414062,898681664,0
-91603052,83206104,-91603052,-13085938,2319336,88623048,0
-8396947,5648855,-30534352,-14135742,175781252,8967285,0
-114503816,6870229,183206116,-14282226,22460938,894531264,0
-99236648,740458,-7633588,-13183594,21972656,898681664,0
-15267176,7251908,-53435112,-13476562,19042968,8967285,0
-129771,7633588,-198473292,-13134766,21240234,89501952,0
-15267176,86259544,-129771,-1340332,16113282,90185544,0
7633588,7480916,-6870229,-13574219,24902344,8874512,0
-60305348,8778626,0,-13745117,25878906,9050293,0
0,6335878,-30534352,-14038086,20996094,8947754,0
-7633588,10305344,-6870229,-13549804,22216796,8913574,0
-32824428,10992366,-6870229,-13867188,22705078,8979492,0
-91603052,610687,-7633588,-13476562,23925782,90405272,0
-40458016,1259542,-8396947,-13720703,16113282,9001465,0
114503816,27480916,-198473292,-14501953,2319336,9013672,0
-28244276,740458,-30534352,-13378906,234375,890625,0
-16793894,9389313,-7633588,-1381836,18554688,8955078,0
-16030534,10458015,-32824428,-13842774,22460938,89624024,0
-259542,10305344,-21374046,-14135742,16357422,89819336,0
0,70229008,0,-13720703,20996094,888916,0
15267176,5801527,-244274816,-140625,24414062,9020996,0
-122137408,10534351,-91603052,-13671875,18798828,89746092,0
-61068704,71755732,-14503818,-13574219,1953125,8984375,0
-13740458,45038168,-16030534,-13842774,26123046,8979492,0
-6870229,10229008,7633588,-13574219,25146484,891601536,0
-16793894,10,-3816794,-1315918,2709961,898681664,0
-229007632,732824436,-16030534,-13574219,175781252,8828125,0
-16030534,55725192,-27480916,-13769531,22216796,8930664,0
-16793894,58778624,-30534352,-13354492,18798828,8979492,0
-1908397,8015267,-53435112,-13500976,20751954,8967285,0
-61068704,78625952,-2519084,-13549804,17333984,8930664,0
-8396947,1038168,-6870229,-13574219,175781252,8984375,0
7633588,4961832,0,-13696289,20019532,8937988,0
-61068704,8778626,-3816794,-13500976,24169922,8979492,0
0,10,-10687023,-13476562,1953125,8977051,0
55419844,-5412214,-47099236,-14501953,24169922,91748052,0
-129771,2480916,-221374052,-13208008,1586914,9033203,0
343511468,8244275,8396947,-13061524,214843736,9033203,0
-114503816,29007636,221374052,-12475586,1977539,89990232,0
14656489,15801526,648855,-13330078,17822266,91064456,0
-2923664,18931298,-16717557,-13183594,16845704,9399414,0
16335878,-343511468,-13282443,-14794922,214843736,88623048,0
99236648,-6793893,221374052,-12670898,24902344,8952637,0
473282468,28854962,14503818,-13061524,24902344,8845215,0
-17557252,198473292,-198473292,-1352539,1977539,8984375,0
-183206116,10534351,-30534352,-13500976,1977539,8918457,0
53435112,67175576,15267176,-12988281,16845704,9001465,0
-122137408,70229008,-15267176,-1262207,234375,90356448,0
-114503816,10839695,14503818,-12573242,22460938,9020996,0
-206106868,90839692,-244274816,-12548828,234375,89624024,0
91603052,78625952,-14503818,-12670898,25878906,89990232,0
-17557252,9465649,-6870229,-13354492,26611328,9030762,0
10687023,7480916,-91603052,-1315918,31982422,904785136,0
-8091603,11145039,-40458016,-14013672,22216796,91015624,0
1908397,-129771,-91603052,-12597656,214843736,8979492,0
-396946584,10305344,-32824428,-13647461,2734375,90600584,0
-236641232,4961832,17557252,-12548828,253906252,89697268,0
-16793894,221374052,-15267176,-1315918,24169922,8959961,0
-122137408,55725192,-129771,-13110352,17333984,9055176,0
-61068704,-5954198,6870229,-1315918,234375,8972168,0
-10480916,-59770992,-15572519,-10961914,31738282,94799804,0
3816794,16793894,8396947,-118896488,23925782,8894043,0
-1908397,519084,-259542,-12768554,25878906,9013672,0
-13740458,10,-7633588,-11987305,20751954,89746092,0
6870229,77099232,198473292,-13085938,2734375,9008789,0
-16030534,78625952,-61068704,-119628904,25878906,891601536,0
-114503816,8396947,-7633588,-1274414,20507812,90649416,0
-3816794,10,-61068704,-1262207,2758789,90722652,0
-61068704,10610686,-45801528,-125,2758789,8930664,0
99236648,5038168,15267176,-125,214843736,89941408,0
-129771,40458016,-198473292,-13305664,28320312,9020996,0
-3816794,83206104,-99236648,-12451172,21728516,90234376,0
-26717558,9236641,-22900764,-12915039,24169922,9042969,0
129771,519084,-206106868,-123046872,2319336,8991699,0
-53435112,396946584,-412213736,-13061524,234375,90112308,0
-15267176,8167939,-122137408,-12915039,2709961,90625,0
10687023,78625952,61068704,-12817383,28076172,8977051,0
-26717558,412213736,-61068704,-1262207,20263672,90844728,0
-15267176,9465649,-91603052,-12866211,234375,8967285,0
-15267176,9236641,-29007636,-122802732,22705078,891601536,0
-45801528,419847336,-21374046,-12353516,22216796,9038086,0
-8396947,7633588,-3129771,-125,234375,8984375,0
15267176,1038168,99236648,-13452148,24658204,900634736,0
22900764,5114504,122137408,-12524414,22216796,89501952,0
-15267176,8854962,-129771,-13085938,16357422,89697268,0
-129771,9389313,-8396947,-12182617,26123046,9030762,0
30534352,90076332,-114503816,-12036133,2709961,89501952,0
129771,58778624,-3816794,-12792969,16601562,8947754,0
-14503818,5038168,-7633588,-13208008,25878906,90405272,0
-14503818,8015267,-45801528,-125,214843736,9008789,0
0,8778626,-3816794,-12231445,29785156,8984375,0
-206106868,7480916,-6870229,-1237793,28564454,90283204,0
-16030534,488549632,-15267176,-123046872,29541016,8967285,0
22900764,8549618,-8396947,-12988281,2368164,8952637,0
-10687023,473282468,7633588,-119384768,2368164,9020996,0
-17557252,83206104,114503816,-1274414,24169922,894531264,0
-15267176,9160305,16030534,-13256836,20507812,9008789,0
-6870229,9236641,8396947,-11767578,24169922,9067383,0
-1221374,-1740458,-11832061,-12915039,20507812,89208984,0
-5954198,-4351145,458015268,-12084961,29052734,8947754,0
21450382,15725191,19541985,-13574219,29541016,89746092,0
0,13206106,-229007632,-12573242,23925782,89697268,0
4274809,-259542,-129771,-13793946,10986328,9067383,0
-10763359,-5954198,-28244276,-12792969,25878906,9152832,0
-16793894,8778626,61068704,-12719726,17089844,8918457,0
13740458,-9541985,-8091603,-15136719,-10498047,92871096,0
-29007636,20458016,-32824428,-12451172,175781252,89501952,0
7153435,-41427484,-15862596,-12524414,16601562,88500976,0
-28244276,26793892,-236641232,-118652344,28076172,90185544,0
61068704,-129771,13740458,-12084961,234375,9055176,0
-7633588,3259542,-206106868,-12402344,29296875,8996582,0
29007636,-15267176,22900764,-11791992,28320312,891601536,0
35114504,6335878,259542,-12670898,20019532,9157715,0
-7633588,5496183,-99236648,-12841797,27832032,8955078,0
-20076336,16183206,-4961832,-10571289,5126953,8664551,0
32824428,-740458,-10,-119628904,28076172,8967285,0
42290076,12137405,24122138,-11669922,30273438,8977051,0
-221374052,10152671,1908397,-13012696,2319336,8886719,0
-259542,16793894,-183206116,-12939453,2319336,89990232,0
-28244276,6946565,-17557252,-12353516,20996094,90185544,0
129771,86259544,-99236648,-12646484,1953125,9057617,0
-3816794,11068702,-61068704,-12548828,25146484,8977051,0
-229007632,6946565,-13740458,-12841797,29541016,90185544,0
53435112,11145039,15267176,-12182617,21240234,9020996,0
-4274809,488549632,-26717558,-1274414,2709961,9055176,0
114503816,8854962,-6870229,-12841797,2709961,90283204,0
7633588,122137408,53435112,-13354492,20019532,8979492,0
-7633588,15267176,1908397,-123046872,22460938,90283204,0
1832061,4274809,-53435112,-1159668,23925782,8930664,0
6870229,1908397,-7633588,-13256836,24414062,90600584,0
-183206116,6946565,53435112,-12939453,22460938,9033203,0
-32824428,83206104,-3129771,-12963867,21972656,9030762,0
-16793894,7557252,-1908397,-12670898,21240234,9033203,0
99236643,870229,-396946584,-12402344,20507812,88427736,0
91603052,-473282468,-198473292,-12524414,34423828,90722652,0
-343511468,55725192,-16793894,-12207031,2709961,9020996,0
10687023,778625968,-7633588,-12182617,29296875,89501952,0
14503818,24732824,-91603052,-12792969,20996094,907959,0
15267176,14274809,221374052,-12036133,29052734,89746092,0
-183206116,8854962,-7633588,-1303711,26367188,9055176,0
8396947,480916032,-28244276,-12890625,26123046,900634736,0
-16793894,6870229,-99236648,-12573242,234375,90283204,0
-244274816,778625968,-1908397,-13061524,16601562,89990232,0
6870229,7099237,6870229,-12939453,26367188,90405272,0
-2091603,19770992,-15725191,-11035156,3857422,86694332,0
-179389316,91603052,-1038168,-13354492,17822266,9082031,0
122137408,389312984,-35114504,-12719726,36132812,90893552,0
-23587788,-35114504,-9694657,-12548828,24658204,8913574,0
21755726,-46488548,-26030534,-8496094,49804688,8249512,0
-79541984,7099237,-10076336,-12207031,-14892578,940917936,0
-70229008,27251908,-45038168,-12866211,26611328,8925781,0
-4274809,54198476,30534352,-12548828,21728516,8935547,0
-4114504,23816792,-473282468,-14331054,732421868,9250488,0
-229007632,-198473292,15267176,-1171875,3149414,8876953,0
-3832061,-11435115,-21145038,-13134766,234375,87475584,0
-15572519,41603056,-4961832,-12426758,20751954,8894043,0
-396946584,-26717558,-15267176,-119384768,21728516,9067383,0
45801528,-83206104,-9541985,-11694336,29785156,8935547,0
-30839694,870229,-3816794,-13623047,14892578,8876953,0
-55725192,-15648855,54885496,-13183594,11962891,9328613,0
-179389316,2053435,519084,-12158203,253906252,88916016,0
-77099232,169465652,-28549618,-12402344,24902344,8718262,0
1167939,-18091604,14198474,-11401367,2709961,91552732,0
-4351145,16717557,-114503816,-119384768,30517578,8947754,0
-45801528,-370229,-32061068,-12060547,28564454,891601536,0
10610686,-49923664,-40839696,-14208984,107421868,89038088,0
2091603,-4587786,5801527,-119628904,2709961,89086916,0
206106868,-519084,17557252,-111816408,28564454,89819336,0
-7480916,22137404,-2977099,-114990232,26855468,9003906,0
26717558,11221374,-236641232,-11743164,234375,89746092,0
-29847328,1778626,-32366412,-1418457,18798828,8696289,0
-83206104,-8244275,1519084,-11206055,3491211,8913574,0
396946584,732824436,-343511468,-1159668,36132812,8989258,0
12671756,2519084,-206106868,-114990232,37353516,851318336,0
20076336,-259542,-99236643,-11279297,2734375,900634736,0
1908397,22748092,-2206107,-1184082,24414062,8911133,0
57251908,66412216,-7633588,-114990232,28320312,8937988,0
18778626,-17633588,-86259544,-12353516,29052734,9094238,0
-343511468,13053435,-129771,-10791016,28808594,90527348,0
40458016,8396947,-10687023,-109375,22705078,90722652,0
-13740458,236641232,-2519084,-10522461,27832032,89501952,0
-10687023,2519084,15267176,-1159668,22705078,9038086,0
7633588,67175576,-129771,-10961914,2368164,8977051,0
236641232,9465649,-366412232,-12231445,26367188,8947754,0
-13740458,122137408,-22900764,-11376953,28808594,90356448,0
-16793894,9694657,0,-11230469,3540039,8979492,0
10068703,-4587786,-56488548,-122802732,3149414,8659668,0
91603052,229771,-35114504,-1171875,2709961,8955078,0
-10687023,977099264,3816794,-11401367,24414062,9091797,0
-7099237,9106871,-171755732,-95458984,36865236,8955078,0
-50610684,5816794,27633586,-13183594,-45166016,1159668,0
3816794,34580152,-610687,-10864258,30517578,8937988,0
-51603056,49923664,16183206,-1303711,30761718,9094238,0
-29007636,366412232,-67175576,-12207031,18066406,9091797,0
14122137,-1221374,-11221374,-111572264,29052734,89208984,0
-1908397,6335878,-5114504,-11010742,37353516,8942871,0
-23435114,2206107,178625952,-115722652,2709961,9187012,0
362595432,-3740458,22671756,-1081543,38085936,91967776,0
291984732,-2493893,9839695,-83496092,3955078,954101568,0
-34267172,16847328,29183206,-1616211,-10595703,10595703,0
77099232,46106872,-78625952,-11694336,21240234,9165039,0
7633588,-83206104,0,-115722652,25634766,904541,0
-14503818,15877863,-99236648,-12402344,21240234,8925781,0
8396947,488549632,-129771,-12451172,1928711,89819336,0
-16793894,5954198,-7633588,-12011719,22216796,8996582,0
-22900764,9389313,-99236648,-119628904,1928711,9116211,0
-14961832,55725192,-25648854,-11352539,16357422,907959,0
-3312977,-358778632,-4778626,-11254883,397949216,87475584,0
58778624,2091603,-42519084,-11352539,390625,8779297,0
-114503816,-3129771,-14503818,-11816406,234375,90405272,0
-3816794,6259542,53435112,-12036133,29296875,889648464,0
-7633588,2977099,-16793894,-12695312,28564454,8925781,0
-1167939,-2977099,-6870229,-12866211,22949218,907714832,0
-91603052,-198473292,1908397,-12524414,17822266,89990232,0
-2977099,5801527,-57251908,-12084961,214843736,90185544,0
-22900764,13435115,0,-119140624,29541016,895751936,0
17557252,83206104,10610686,-118896488,22460938,8935547,0
-26717558,7557252,-5496183,-125,24169922,894531264,0
-32824428,1091603,-45801528,-12133789,21728516,9157715,0
2519084,8015267,-53435112,-12866211,28076172,8947754,0
-15267176,32061068,-22900764,-12036133,25146484,8996582,0
15267176,12290076,45038168,-12524414,25146484,9042969,0
10687023,99236643,15267176,-119140624,26123046,904785136,0
-15267176,4961832,-7633588,-12841797,26855468,90234376,0
-419847336,6793893,-33587788,-1262207,24902344,9038086,0
-3053435,5496183,-3816794,-12231445,21728516,90283204,0
-6870229,6870229,-5496183,-11035156,36621092,885498064,0
-7633588,778625968,-13740458,-12109375,27832032,88842776,0
102771,-36732828,-52541984,-9667969,11484375,115478516,1
1689313,400,4746565,64941408,12915039,5944824,1
-50580156,-6625954,99236648,24926758,53344724,8178711,1
25012978,25012978,25012978,-20,-20,1999939,1
961832064,-16462596,-2501374,-43164062,-62768552,1072998,1
-21503816,-78900768,-11364886,-56152344,-167968752,1001709,1
-11783206,7296947,13990076,-57373048,10644531,26879884,1
-28549618,-7327481,-10970992,-43969728,-238769532,89990232,1
10265649,25549618,-3421374,-27832032,7597656,6479492,1
-24961832,7042748,9470992,14892578,10253906,8547363,1
-206290068,-2077939,-2501374,-73583984,-617675768,2277832,1
19687024,9927481,-10529008,-91552732,1999939,38256836,1
-2501374,51954196,19674046,-76171868,1078125,61694336,1
8183969,5720611,-19305344,-9667969,40722656,6262207,1
112229,11480916,-1778626,-1784668,10253906,12087402,1
-2501374,11355725,-59687024,-25,198657232,13793946,1
21374046,23061832,-3414504,-5317383,9001465,3557129,1
73091608,10523664,35480916,-230712892,-2368164,12109375,1
-2501374,62099236,-15045038,-14990234,5827637,12692871,1
-9331298,-55755724,-2501374,-27514648,8210449,12573242,1
97900768,-15702291,-5672519,-53710936,-19555664,52856448,1
-722290036,55305344,9076336,949707,66748044,7324219,1
-26526718,1478626,-13473283,-23339844,6567383,6665039,1
-10270229,13503816,-180519084,16601562,1999939,95092776,1
9287023,4747328,1662519,-22045898,-32421876,11921387,1
172198468,-17694656,25012978,-16166992,-20,18947754,1
14405344,-8419084,-43129772,-20947266,-2709961,10964356,1
-1300,61603056,-4879389,184326168,122558592,8347168,1
-9561069,25091602,-235290068,-6958008,11433106,-3100586,1
11320611,48076336,-89091608,8666992,34887696,1130127,1
2076336,40412212,10654962,-34594728,375,82250976,1
-13412213,-2501374,-100229,-7084961,-20,1999939,1
27045802,-19505344,-10932825,-19458008,-2783203,5488281,1
2206107,40190836,38755724,-56152344,11010742,6843262,1
-12787786,-2501374,-2501374,-167797852,-199780268,10883789,1
62671756,-7064886,-12172519,-1328125,-2199707,76782224,1
-15254962,41007632,-5247328,437744136,7416992,79003908,1
-2501374,-94259544,-2501374,-8149414,10073242,-30517578,1
2506107,30503816,-61221376,-13085938,788818368,30688476,1
-2501374,4452672,-20022902,342041032,1999939,10793457,1
-65343512,22331298,-5844275,-106933592,9416504,14389648,1
36755724,26778626,90175576,-19482422,-78344728,13041992,1
19140458,2389313,246351152,-5407715,-20,1999939,1
971145,-26312976,-4420611,7470703,-6542969,7067871,1
47633588,-2501374,228648852,-20,-20,-17358398,1
-13001528,-16267176,-23909924,-732421868,11628418,9736328,1
21450382,-9106871,-9103053,-18701172,-9206543,15009766,1
2832061,-46183204,-530229,16137696,-17700196,8977051,1
24923664,12824428,-13061069,7446289,118652344,10422363,1
32366412,9053435,28671754,-37353516,-4975586,10529785,1
1810916,1708397,-265190832,11669922,-31958008,11193848,1
11833588,2361832,-47564884,8862305,97753908,4182129,1
-12938931,2593893,6833588,-1159668,10964356,78564456,1
-69938936,-11961832,23343512,9033203,-4375,13183594,1
22595418,-16564885,-4665649,12866211,31738282,10236816,1
-3785496,10412213,-3979389,168701168,28588868,6542969,1
35335876,55748092,7819847,8886719,46875,9682617,1
-29396946,-31221372,-57251908,15161133,-12841797,9863281,1
8007633,18778626,-7735878,61035156,-13598633,9172363,1
36870228,-9793893,-54374048,9838867,2919922,10795898,1
-30091602,-17137406,57412212,-34179688,63842776,10209961,1
-10511451,3516794,17648856,13745117,-12312012,63549804,1
24244274,25923664,-78221376,3515625,359130836,7858887,1
57984732,318396936,6223664,-7861328,29003906,87109376,1
11717557,9732824,4017557,-43945312,-22583008,10437012,1
36709924,-1378626,-5216794,41259764,-9814453,6887207,1
-23053434,31450382,-8030535,-30029296,57788084,9482422,1
-3821374,-12274809,66778624,-8300781,27197266,871582032,1
-19725192,-18816794,18946566,-95947268,-6086426,9604492,1
13969465,5183206,-40419844,36132812,-16113282,92944332,1
-61755724,-38015268,-17786258,-10961914,4560547,84887692,1
-59847324,-9160305,42366412,-8276367,-33691408,9289551,1
7442748,-4351145,-20832062,-28320312,-38256836,13540039,1
16282442,-67175576,-4921374,-1928711,192138668,77319336,1
29343512,42198476,14832061,-12548828,49731444,6760254,1
-29412214,-10992366,35389312,-182617184,12060547,907714832,1
-24213742,-7725191,-33267172,-5517578,99365232,9831543,1
17641222,15770992,-15106871,-214843736,382324232,8359375,1
10312977,10427481,3189313,-10131836,25219728,9160156,1
24580152,-2193893,-38664124,-24902344,-2277832,8234863,1
-1667939,-14137404,-4432061,-64941408,5576172,8901367,1
15725191,8885496,31778626,-10986328,21850586,744384736,1
304427484,20305344,4070229,-13891602,-2265625,10356445,1
21137406,40305344,-29992366,-24414062,4296875,10644531,1
25801528,-39847328,32366412,28808594,5102539,78344728,1
-17946566,72290077,3432061,-8544922,15161133,10083008,1
-2129771,10114504,-22091602,-8496094,-27148438,11125488,1
34671756,2819084,-3364122,-84228516,-78125,79052732,1
-12900764,1221374,30145038,-26000976,5319824,6750488,1
-10854961,8549619,24221374,-2084961,-14526367,10769043,1
-1359542,-27625954,-366030536,-15551758,61035156,81884768,1
15816793,10557252,57251908,-15332031,57421876,10671387,1
29343512,5308397,5008397,-13793946,-3203125,9538574,1
10687023,-14687023,-5393893,-15161133,-28100586,9260254,1
-46488548,-13732824,-39671756,-1616211,40771484,7993164,1
36068704,181603052,80061064,-22607422,14672852,638916,1
-10175572,-59007636,14572519,-25073242,-222656252,8935547,1
16625954,-2442748,-4989313,-11450195,11230469,7836914,1
28396948,-31755726,-73511452,-14941406,43359376,79541016,1
74656488,12137404,38687024,-2121582,-5126953,93237304,1
-7778626,-149007632,-20862594,-9667969,-83496092,9172363,1
-3221374,-12290076,-24183206,-168457032,32055664,8395996,1
-1908397,17068702,37580156,-17358398,24780274,87890624,1
31755726,13091603,45648856,-12963867,-222167968,10073242,1
18923664,-9435115,-29671754,-1340332,80322264,8676758,1
-14351145,2310687,1438168,-17358398,3930664,800781236,1
-10458015,440458,2476336,-1887207,30273438,900634736,1
-13656488,356488536,12664123,-21606446,-11401367,9777832,1
22137404,-48320612,-41351148,-14282226,-12451172,9494629,1
15473283,-171755732,-37809164,-1628418,3737793,890625,1
58702292,13992367,4210687,-3371582,3791504,8015137,1
20610688,21984732,4480916,-16064453,-24291992,11704102,1
32748092,-20969466,-27038168,-10473633,-12207031,8952637,1
2032061,8541985,-228015268,-16748047,43969728,8117676,1
16793894,68396948,4848855,-27783204,29101562,96362308,1
-2425191,52671752,86259544,-13012696,539550768,8503418,1
33816792,-4854962,-41137404,-1586914,91552732,9614258,1
22671756,-20839694,8206107,-14575196,6040039,917968736,1
-32862596,5778626,39419844,-4321289,44921876,43432616,1
687022932,-10305344,-14832061,-12207031,-22387696,11430664,1
10122137,-1732061,-49847324,-7861328,24072266,60180664,1
-10885496,28396948,-9236641,-119384768,230957032,7937012,1
-2019084,-11648855,33687024,-13061524,1784668,6447754,1
32442748,-6885496,-33519084,-18554688,-19506836,10344238,1
45496184,-14641221,-10984733,-10864258,3635254,94873048,1
-14328244,11282443,17358778,-21704102,28442384,98706056,1
-16832062,-50992364,-773282436,-17333984,-174804684,10681152,1
-65038168,-19038168,-2151145,-1274414,214843736,7697754,1
412213736,-20977098,15839695,-18847656,453369136,873291,1
-2067939,-17305344,32030532,-103027348,2097168,9589844,1
-20450382,-4076336,-40076336,383300768,-19702148,10878906,1
-1848855,-54351144,-34519084,-539550768,-16967774,6916504,1
79770992,-11076336,15725191,-26123046,3623047,1059082,1
30832062,29778626,40290076,-57861328,27124024,99121096,1
4740458,12137405,15534351,-12988281,-21704102,8203125,1
8664123,-4683206,-31305344,-1928711,23413086,10041504,1
5020611,-11770992,18770992,12963867,63500976,961181632,1
32862596,15946565,3132061,-23242188,75927736,929931664,1
48648852,-40717556,-26305344,-78125,-52734376,71972652,1
-2308397,619084,-31221372,-2758789,5637207,824218736,1
-36648852,15977099,42015268,45410156,4716797,93774416,1
-142595432,28137406,32427484,-20263672,33984376,73828125,1
3282443,14832061,-34198476,-21020508,16040039,9707031,1
12137405,-10961832,-9282443,-26635742,57177732,7001953,1
-42755724,429771,6082443,-2902832,396484384,85595704,1
-13442748,24877862,-25877862,-13232422,-20239258,10756836,1
-7570992,-13954199,-6608397,-18554688,1850586,10651856,1
-2187023,-18595418,19335878,-18481446,38012696,11994629,1
18862594,5801527,22862594,12841797,-5998535,92041016,1
-18053434,53435116,-50290076,-11694336,-28198242,858398464,1
-31656488,-1748855,78221376,-31982422,79003908,-3251953,1
58244276,24030534,62091604,5029297,-5048828,375,1
-53206104,4083206,-5183206,-44433592,-48583984,704101568,1
25122138,37664124,-29717558,-9643555,-12036133,943115264,1
24793894,-19213742,5912214,-191894532,-6225586,11411133,1
28419848,12931297,35267176,-2734375,-6105957,6921387,1
23900762,69389316,-51419844,-18310546,-17114258,7722168,1
17465648,1761832,-69160308,-1940918,28442384,89208984,1
-8910687,-4149618,53267172,-19506836,28808594,44189452,1
7703817,114198472,45129772,-57617188,-399414036,10688476,1
3448855,-16160305,-3310687,63476564,115722652,65600584,1
4412214,1648855,629771,-6689453,2685547,7536621,1
-13503817,4308397,6129771,-14282226,2644043,98828125,1
-9030535,-31656488,3279389,-13256836,-2055664,13132324,1
-15870229,-2067939,-628854968,-8325195,18847656,81347656,1
-194656492,10587787,60152676,-50048828,5515137,10234375,1
-20045802,1767939,7033588,-10546875,9838867,92456056,1
21450382,11564885,122595416,-11621094,-529541,94140624,1
-58015264,-42519084,-57267172,-79833984,15478516,62475584,1
-13290076,-7374046,-48015264,-461425784,39575196,9848633,1
-2606107,-8022901,5459542,-99121096,32763672,9375,1
-31603052,20648856,43610688,-1730957,-4182129,87280268,1
8633588,55343512,-4451145,-12011719,21240234,9555664,1
270229,8167939,-17038168,-8691406,29296876,8544922,1
-19068702,4152672,37374048,-13134766,40112304,58935544,1
-9847328,3885496,-365648868,-949707,-61621092,921875,1
54190836,1976336,-61870228,-111328132,-60058592,871582032,1
11366412,60305344,-25419848,-8496094,45043944,89501952,1
9160305,11877863,29366414,-114990232,-8056641,8071289,1
32824428,18091604,-16099238,-17871094,-4428711,98168948,1
529771,-30015266,-40137404,-14038086,11254883,9226074,1
21877862,11832061,-76412216,-8325195,5085449,7663574,1
-2389313,19526718,27770992,-1303711,14794922,75927736,1
-32137404,11992367,57938932,-59570312,-44335938,9658203,1
61679388,-13358779,-6176336,-15576172,-91308592,7866211,1
46183204,30305342,38549616,-19580078,26123048,11247558,1
-20656488,25038168,-7664122,-16137696,-27514648,10471192,1
26412212,480916,-33038166,-5126953,-28564452,10332031,1
13488549,8244275,-320229,-14794922,175537108,90722652,1
1770229,1361832,40839696,-8520508,246093744,7084961,1
-37748092,-17969466,-9801527,-8276367,-25805664,10544434,1
-46564884,-28038168,-45969468,-60546876,8154297,10551758,1
17877862,19770992,20992368,-19799804,42236328,9555664,1
71603052,-1129771,45480916,-9033203,-3857422,11152344,1
25801528,60534352,-43305344,8056641,-16259766,6948242,1
-2187023,-14167939,-51160304,-61523436,20996094,74902344,1
-15267176,4221374,33351148,-18017578,444824232,963134768,1
-26671754,-25496184,5893893,-2734375,27539062,5522461,1
5970229,7019847,-4249618,-5810547,-20092774,7783203,1
-1808397,9977099,-7371756,-13793946,28588868,6801758,1
-4038168,-32870228,48312976,-2055664,43359376,6965332,1
19603054,234427484,3850382,-33691408,-28222656,952148432,1
2667939,-244274816,-71419848,-24414062,-31689452,707031236,1
9122137,11564885,-12045801,-16723633,342041032,6296387,1
15335877,5172519,34221376,-190673832,29882812,80737304,1
12969465,25038168,-3648855,40283204,-22705078,9711914,1
-50458016,-528854968,-77557256,1418457,-23388672,6621094,10
21450382,4325954,1848855,21118164,-13476562,6213379,10
7551908,11862596,16259542,-11206055,-20288086,14562988,10
-54862596,-8321374,-10351145,9643555,-38842772,74731448,10
-13671756,18290078,17709922,2927246,-1730957,11767578,10
8232061,2287023,-35419848,-690918,-21679688,15112305,10
-13452672,-879313,-22335878,-26855468,-1105957,10991211,10
-17091602,-270229,27343512,28808594,-29467772,24243164,10
8865649,5846565,27534352,-8618164,-24414062,1628418,10
-6983206,-759313,-59389316,-26611328,-8911133,8654785,10
-20954198,-61679388,16274808,25756836,-17773438,3486328,10
9757252,57694656,12427481,-59326172,-20043946,13449707,10
-18580152,-43931296,-6328244,-63476564,-25463868,10610352,10
14732824,55587788,21847328,13110352,-13867188,42700196,10
-20992368,-1278626,-16358778,-12866211,-27783204,14584961,10
-5034351,-88145032,-59748092,182861332,-18115234,717285168,10
8159542,1360458,26167938,122802732,-5578613,6064453,10
-27015266,-1710687,-10709924,-4345703,-14233398,12966308,10
-6880916,-7865649,-54290076,36132812,-18603516,9074707,10
-24206106,-13740458,1980916,34936524,-1953125,7006836,10
4770229,3955725,14984733,-6567383,-16723633,13012695,10
-38374048,-6851908,-19259542,3881836,-27075196,10339356,10
-27312976,-41603056,79541984,2697754,-16430664,1694336,10
114778624,7283206,-95801528,-1640625,29785156,12697754,10
-43717556,-8099236,-115801528,-1586914,-24853516,829834,10
8603053,28625954,17259542,26342772,-55664064,47973632,10
-33755724,-5127481,14045801,17089844,-34057616,11103516,10
-6376336,-729771,-17183206,1665039,-3630371,7297363,10
-1459542,1121374,-70,2692871,-13208008,32739258,10
305572516,25167938,-9160305,5126953,-52075196,13520508,10
793893168,-23328246,-13160305,191406252,-11352539,47094728,10
17992366,41412212,15793893,1508789,-21850586,6455078,10
11282443,29374046,21770992,-5029297,-3708496,954834,10
-48755724,-49099236,-39305344,19384766,-27954102,7307129,10
15517556,16914504,32549616,-114990232,-246582032,9741211,10
-64854968,-10319847,-21755726,146484368,-2998047,85595704,10
-6152672,-13244275,-329771,26245116,-27075196,53344724,10
74854968,4551145,42900764,-115722652,-793457,16262207,10
-4512214,-69816792,-14351145,11645508,-11254883,7937012,10
2512977,649771,20351144,18823242,-39916992,7248535,10
5314504,56748092,60076336,-3491211,-2043457,13066406,10
-45694656,-72175576,-3967939,20214844,-14575196,5432129,10
20389312,6732825,2006107,21801758,-34936524,7089844,10
2870229,20832062,-9396947,-43701172,-2434082,14614258,10
7236641,-7287023,-10274809,28881836,-11767578,1328125,10
6229771,7467175,480916032,68847656,-766601536,12592774,10
-34549616,-63053436,-10877863,64453124,-215087884,11210938,10
-27267176,-10183207,5221374,31152344,-1394043,61157224,10
-2610687,377099232,-15526717,-29785156,-4638672,16533203,10
-22389312,-623969468,-3221374,19555664,-1887207,6887207,10
20549618,54717556,758015236,21362304,-25854492,8659668,10
-458854968,-6621374,-3480916,-732421868,-28808594,11401367,10
-35221376,-4493893,-60610684,32128906,7080078,422607432,10
55664124,9303817,-7557252,10668945,-16015625,8129883,10
3383206,-13755725,18213742,-40527344,9106445,13813476,10
19259542,-22206106,-8290076,1809082,-7495117,8696289,10
-265572516,6729008,-9816793,23608398,-84228516,336914036,10
9694656,-759542,2351145,-123046872,375732432,14594726,10
-6843511,-8470992,27099238,2878418,-114990232,40722656,10
8312977,5944275,-10877863,36083984,-20117188,5439453,10
6764886,37992368,7664122,-554199232,3395996,15458984,10
51564884,-7412214,11030535,2800293,7006836,7963867,10
-12549619,3593893,-24580152,21582031,12841797,10161133,10
-12683206,-57816796,-10007633,703125,-24121094,-38916016,10
-999313,-8668702,-11152672,3857422,183105468,12106934,10
-4282443,-14145039,-19404582,239013668,24951172,10058594,10
7876336,6387786,-13076336,-40283204,-847168,12624512,10
-81778624,-108183208,-58015264,-78125,17919922,945068336,10
-2689313,-3931298,779389336,36547852,-6689453,58081052,10
8856489,7042748,29160306,49072264,-52734376,8183594,10
-3632061,-44244276,21755726,-29296875,22583008,11452637,10
-48190836,-7541222,-7778626,2133789,-1328125,7651367,10
63053436,99061064,480916,1105957,32714844,7312012,10
-458854968,-6835114,-53435112,-546875,75683592,12099609,10
-56053436,-51923664,-10343512,3088379,-253906252,7871094,10
3393893,6161832,-60992364,14428711,-9301758,6418457,10
62099236,7871756,53129772,-23925782,-2368164,14772949,10
-32961834,-9501527,-51679388,8081055,-53466796,9074707,10
29122138,7669466,6183206,22094726,16357422,40625,10
-29534352,-3108397,-19770992,-15942383,10205078,16166992,10
-4091603,-46541984,-25396946,33618164,-47851564,5595703,10
62267172,65091608,30687022,16186524,-3930664,482666016,10
-7361069,-9696947,30648856,-36132812,-8984375,1510498,10
-28816794,-15885496,-55343512,3947754,31738282,2019043,10
8389313,26885496,-362595432,-68847656,48828124,12856445,10
-37076336,-6635878,-18351144,239257808,-123291016,59936524,10
10751908,112381672,13938931,-21972656,-3466797,13005371,10
-4127481,-6548092,4274809,64697268,0,9902344,10
-2074809,1889313,127786252,3166504,-20922852,6491699,10
6116794,8464886,1278626,-29296875,-26831056,9980469,10
-2357252,-920,-1693893,27368164,-33520508,5698242,10
12671756,7172519,18847328,23168946,-14331054,77856448,10
56106872,-11496183,2335878,-5078125,-5859375,12536621,10
-29595418,-23389312,-2480916,22924804,-16308594,62646484,10
72748092,53511452,-14045801,-6347656,-390625,14226074,10
-6393893,-7048855,-11664123,19750976,-14819336,7404785,10
16351144,406030536,92213748,222412116,-16137696,8078613,10
-11358779,-1829771,9160305,-6616211,5029297,1232666,10
-4415267,-51221376,-8664123,32543944,-14379883,5654297,10
14361068,16874046,53129772,-234375,8618164,10593262,10
-7874809,-869771,11068702,-12451172,-75683592,10471192,10
-8335877,-2038168,9236641,33129884,-20385742,4802246,10
117816792,9605344,6412214,-19458008,104003908,16374512,10
-54190836,-7629771,-9251908,190917968,-7836914,52978516,10
32564884,57458016,10358779,2705078,-25439452,56152344,10
3783206,33244276,-363358768,-15136719,30273438,15202637,10
-9563359,-8940458,-15770992,114746092,-14990234,7380371,10
-29740458,-12122137,3740458,3347168,-1586914,34765624,10
11348855,12756489,37748092,-49560548,-27832032,11054688,10
-8171756,-9056489,-11167939,-1977539,-3515625,10432129,10
-35351148,-3270229,-15488549,32885742,-44677736,2705078,10
9898473,11162595,11160305,26611328,-7885742,11203613,10
-45564884,-44717556,51374044,-8203125,-17114258,12966308,10
-41076336,-7570992,-32587788,25585938,-2590332,3474121,10
54412212,10078626,17610688,1081543,71777348,46069336,10
-7319847,-8939695,13717557,-1303711,-1472168,16027832,10
-19343512,-3782443,-40,392333984,-23339844,344482432,10
105259544,16514504,4916794,-183349616,214111332,17434082,10
-16382444,-17830534,-41129772,4638672,-222412116,72094728,10
28832062,7168702,25526718,3659668,-22485352,29541016,10
-6680153,-10187023,-37633588,-1538086,14160156,11982422,10
-21450382,-47290076,-52900764,33911132,-2631836,44458008,10
13754199,13054199,4289313,-64208984,-4650879,1999939,10
-7767175,-9768702,-34580152,1496582,-13500976,7558594,10
3923664,19389312,-14198474,42333984,-19335938,23486328,10
-10022901,20152672,22564886,-7885742,-16357422,83935544,10
-43198476,-8031298,-2667939,32836914,-3383789,25683594,10
9827481,96419848,2142748,-6323242,-106933592,11704102,10
-50580156,-8719084,354961832,-1953125,7739258,11447754,10
-15297709,120,74961832,35498048,-223144532,52490236,10
28374046,22404582,15534351,-7104492,-4638672,9494629,10
-12435115,-50732828,-16526718,16967774,-20581054,75683592,10
2606107,55671756,765648836,15454102,-26416016,4296875,10
-24854962,-23984734,-40458016,-13671875,51757812,13728027,10
-20725192,-14656489,-60992364,2397461,-3515625,22143554,10
1761832,23206108,-8129771,-21801758,-1953125,17180176,10
-24137406,43053436,-38351148,3269043,-6335449,-15380859,10
-45129772,-12601527,178625952,-2043457,-1105957,14484863,10
14847328,-5789313,-5259542,-8276367,-40063476,9902344,10
-18305344,-86145032,-1908397,208007816,-23657226,5891113,10
6832061,68908392,26335878,49560548,-21972656,9748535,10
-6642748,-6424428,11061069,99121096,14892578,6635742,10
4449618,6632061,-14961832,1706543,-239257808,87939452,10
-120992368,-5814504,3870229,-46875,-2734375,14057617,10
-24015266,-75648856,-11167939,3798828,-13891602,39404296,10
12689313,17215266,19290078,-20776367,198730468,13798828,10
-5561832,-7947328,-16450382,119384768,-53710936,8522949,10
428854968,8610687,13625955,1743164,-2614746,48535156,10
-45160304,-49007632,-65648852,-45898436,-72753908,10344238,10
-59564884,-35648852,51679388,2590332,-25952148,5666504,10
48709924,59282444,13389313,1459961,-6640625,8718262,10
-38687024,-57862596,-10335877,-45166016,12451172,13305664,10
-1776336,-20351144,-8137404,388916,-3010254,396484384,10
8294656,4383206,17328246,26855468,-5493164,11726074,10
-2676336,-5450382,-7366412,30444336,-690918,60839844,10
-9198473,400229,9435115,41992188,-28686524,27416992,10
2948855,5517557,-24122138,-6323242,-366210936,13447266,10
-7925191,-811145,-3740458,2590332,-12915039,65112304,10
431145032,10439695,-16175574,28271484,-18017578,5480957,10
11282443,53969464,12343512,-45410156,-6640625,12641602,10
-25259542,-59862596,43129772,68359376,-119140624,9399414,10
49770992,-19022902,-16160305,2722168,43701172,98461912,10
13699237,1599084,43435116,47851564,-29052734,14931641,10
-51862596,-3835878,172519084,-107421868,53710936,11582031,10
-51312976,-6468702,9465649,29589844,-1303711,5029297,10
5738168,11526717,-48702292,15039062,-168457032,7006836,10
-7051145,-6234351,-4885496,-9765625,-61279296,13647461,10
-45129772,-7233588,-396946584,37231444,-406005868,704101568,10
7325191,13882444,-50458016,7446289,-16015625,7807617,10
-58374048,-63419844,-57099236,-61279296,-6713867,13859863,10
-54717556,-50053436,-8862596,37158204,-30493164,46606444,10
142771,17167938,729771,14892578,-24975586,8725586,10
-14664123,-1819084,-12442748,-22949218,48828124,12556152,10
-33419844,-21175574,-13167939,32861328,-32739258,6179199,10
52931296,11141222,780916,24658204,-6274414,9433594,10
-49549616,-50839696,-53206104,9423828,-1652832,9169922,10
15770992,-8267176,-97786252,35546876,-24267578,6010742,10
59007632,11975572,29519083,123291016,-2692871,64160156,10
-8387786,-94381672,-245190832,-175781252,-32470704,15166016,10
-35351148,-20549618,13954199,45532228,-11767578,140625,10
6416031,5351145,2561832,-49072264,-38745116,14006348,10
-37862596,-538854968,-11664123,14013672,-33618164,7763672,10
68015268,3365649,57862596,3088379,-343017568,4951172,10
7739695,5710687,14282443,-9790039,-20458984,13300781,10
-6442748,-96862592,-1725191,1418457,-15625,8796387,10
67709923,3042748,9236641,337402336,-2241211,515625,10
32221376,32267172,4854962,-14941406,-190917968,16008301,10
-51519084,-8891603,-540458,19580078,-27294922,67871096,10
1340458,5385496,19305344,3034668,-478027336,381835936,10
40839696,-21145038,-10534351,56640624,-14111328,12109375,10
-770992368,-28221374,-32824428,25512696,-52001952,99316408,10
31175574,8992367,345038168,25195312,-1904297,4165039,10
-31717558,-3378626,70,-16357422,-16064453,1135498,10
-40389312,-40870228,33587788,4699707,-3330078,53710936,10
1299313,9083969,3025191,48828124,-175781252,12272949,10
-124458016,-1389313,-11992367,1977539,34179688,6542969,10
-15320611,3572519,-50229008,49780272,-31591796,5444336,10
34282444,16206106,-15496184,4663086,118896488,14492188,10
-33091604,-6458778,2793893,33984376,-2998047,6813965,10
98419848,15831298,-9702291,14550781,53710936,12458496,10
-3446565,-3617557,-18534352,6689453,-461425784,12346192,10
-4576336,-4510687,-39847328,37353516,-38110352,4272461,10
9963359,11683206,1680916,253906252,-13842774,13500976,10
-36389312,-6816031,-49389316,7885742,-183349616,10288086,10
44503816,35755724,12374045,366210936,-3022461,5144043,10
-9757252,-818855,15053435,-12670898,-25390624,182617184,10
-453969468,-9466412,-10847328,28833008,-18237304,55688476,10
28114504,69938936,45648856,33569336,-32543944,5102539,10
58419844,93862592,-1140458,-12988281,15039062,1451416,10
-5532061,-8612214,-38625954,115234376,-1665039,838134768,10
1832061,2906107,-640458,3881836,-14038086,10668945,10
516030536,5035878,740458,-11279297,-9814453,16108398,10
-3291603,-62778624,3053435,12451172,-637207,97998052,10
30992366,6115267,36946564,34692384,-33984376,48217772,10
590,4444275,-34961832,16601562,-949707,12790527,10
-29603054,-6639695,-78625955,175781252,-115234376,12214356,10
-4076336,46870228,12152672,389892568,-36132812,3486328,10
498854968,6151145,-35877864,-18310546,-5834961,14179688,10
-53732828,-8979389,-1038168,75683592,-12988281,10786133,10
-3261832,-3614504,-3053435,40478516,-11425781,2734375,10
5520611,7912977,28854962,1928711,-12011719,13498535,10
-17725192,-54335876,-44732824,871582,-2512207,921875,10
-63053436,-25923664,-214427484,33007812,-24194336,64624024,10
710687,123862592,59923664,-795898436,-15429688,14128418,10
-690458,-11444275,-16694656,1303711,-16918946,89086916,10
-3816794,43282444,10564885,428222668,-23291016,20581054,10
36160304,4685496,-46488548,-48583984,63476564,15095215,10
-7735114,-12284733,-674809136,24731446,-15063476,49389648,10
5519084,11857252,7587786,33129884,-28930664,43164062,10
19862594,-8885496,21221372,-30761718,-111083984,16025391,10
-10267176,-7375572,-10503817,44799804,-36450196,70581052,10
86740456,25012978,14832061,-78125,-200195316,5661621,10
-4152672,-9315267,-69694652,107421868,-14086914,11945801,10
-43870228,-4938168,43129772,45532228,-234375,22705078,10
9361069,11874809,-356488536,8984375,-99609376,10463867,10
-13819084,-18767176,-18412214,61035156,-63964844,11386719,10
20458016,38068704,4587786,5119629,-3515625,3972168,10
5264122,29282442,12335877,4638672,-7470703,13696289,10
-47229008,-8131298,-67099236,25927734,-29638672,59228516,10
465648868,91496184,-6725191,37231444,-19555664,15429688,10
-74274808,-2508397,221374052,-29052734,-13110352,15322266,10
-4676336,-67862592,-2946565,39257812,-23364258,38745116,10
6560305,11253435,124198472,21655274,-31762696,7180176,10
-9948855,-115381672,-2057252,-17089844,-7788086,12653808,10
54198476,3820611,15351145,50878908,-32885742,14257812,10
3687023,-15427481,-62366416,-766601536,-14331054,16850586,10
-19099238,-18076336,-5221374,4404297,-24169922,3474121,10
53549616,43251908,10152672,1303711,-32348632,9873047,10
-9084733,-10224428,-421145032,-10839844,-952148432,12712402,10
15267176,-329771,-56946564,47436524,-4091797,27319336,10
29664122,60244276,-3351145,-8129883,-36376952,12451172,10
-9568702,-176442752,-17206106,19799804,-32763672,75634768,10
42824424,7564886,16503816,484375,-29077148,14624024,10
-16076336,-6159542,13938931,-11621094,-1459961,13552246,10
-6854962,-4767939,-8633588,36987304,-14379883,68774416,10
7335114,9083206,92213748,-1027832,-2006836,15925293,10
100,-4553435,-79694652,207519532,-2841797,8208008,10
57633584,27312976,921374,22973633,-8569336,7751465,10
1667939,25473282,-40610684,9765625,-1105957,12253418,10
-12229008,-45541984,41755724,10253906,-30664062,90234376,10
-41412212,-8126717,20114504,3227539,-14404297,64941408,10
22259542,9846565,19694656,191894532,43945312,6152344,10
-19732824,-429771,9641221,-10180664,-366210936,1418457,10
-31755726,-6443511,-39389312,3359375,-22729492,2626953,10
5617557,10051908,-16030534,10009766,-12719726,12246094,10
-3414504,-42091604,-10541985,-8056641,-12036133,1119873,10
39389312,-14465649,-29389312,237304684,-29833984,7084961,10
-54732824,11794656,-2712977,2277832,-3100586,213867184,10
66564884,-16969466,9854961,-1027832,15625,16992188,10
9297709,-8603053,13351145,3293457,-14111328,6154785,10
36900764,7621374,-16267176,12939453,-44189452,88427736,10
-104419848,-6773283,5954198,-6591797,-13305664,12480469,10
-26770992,-32366412,10748092,43896484,-24902344,24829102,10
14782444,22796184,12694656,-20898438,-5834961,15603027,10
-7252672,-10455725,-45343512,34179688,-99853512,9975586,10
-1278626,-13129771,77557256,37280272,-23706054,50512696,10
4382443,669771,13473283,13842774,-107177736,10390625,10
-4023664,-47625952,-10335877,115478516,-15820312,10158692,10
-77557256,-22519084,-55801524,38720704,-1743164,38256836,10
42160304,769313,57557252,1015625,-23632812,1302002,10
-36267172,-8423664,8519084,7348633,9082031,11694336,10
3832061,24114504,34885496,4519043,-192138668,28930664,10
6348855,6752672,11366412,33447264,-19042968,13486328,10
-32816796,-49549616,-345038168,40283204,-14477539,12177734,10
-21068702,-15893129,-21145038,41992188,-16333008,33203124,10
7064886,5051145,18465648,-9033203,-2043457,16311035,10
-7836641,-10200764,-97786252,8984375,-2368164,86816408,10
38587788,7299236,-2908397,33911132,-239013668,62402344,10
23267176,-689313,14893129,-11791992,-18823242,1427002,10
-8589313,-9129008,-184809168,27685548,-15136719,4609375,10
56625952,10098473,61984736,27172852,-18969726,5817871,10
-5949618,-6327481,-52366416,15380859,-18676758,12248535,10
-15160305,-3455725,-8961832,3857422,-33081056,5354004,10
17714504,15933588,30396946,-111328132,-17919922,1999939,10
-72419848,-8289313,-1606107,19335938,-13916016,7763672,10
18244274,41748092,-65801524,39672852,-4326172,4140625,10
6934351,8147328,-26335878,-122558592,37109376,16333008,10
-61816796,-8480916,-5183206,2578125,-208007816,6274414,10
106740456,19658778,-14717557,26855468,-9277344,6455078,10
-7798473,-7948092,-24145038,-4321289,-26367188,11403808,10
-3180916,-15015267,-9541985,41870116,-3046875,2939453,10
-19549618,-1221374,-185572516,-12841797,-21728516,13979492,10
-51190836,-7127481,-4778626,30151368,-3154297,4765625,10
120862592,16451144,26068702,-22949218,-13183594,12463379,10
-10368702,-1397939,-11748092,-33447264,-13793946,11813965,10
4123664,890687,14358779,35473632,-39819336,34057616,10
9908397,10946565,11679389,-15844726,1171875,14196777,10
-45251908,-12671756,2519084,49560548,-30151368,-5810547,10
1208855,82854968,11946565,-7055664,-33325196,14990234,10
-991145,-9352672,-53816796,-12939453,-48828124,10900879,10
-47419844,-55312976,-17587786,4519043,-29858398,13427734,10
20157252,13990076,33435116,-28564454,-22607422,1746582,10
-10243511,-12064886,14664123,-9033203,-95703128,11313476,10
-4265649,-45717556,-11557252,460449232,-36132812,29907228,10
2003435,21847328,31977098,-13500976,-15673828,11687012,10
-1160687,-1330229,-152213744,-539550768,-7324219,12033692,10
43893128,30671754,-2793893,415039068,-3540039,35620116,10
17717558,42427484,16625954,8520508,-19702148,10830078,10
-51389312,-108091608,-23312976,1418457,-39868164,7956543,10
30946566,71175576,55419844,404541032,-33520508,40625,10
390,38091604,71221376,253906252,-17089844,11132812,10
-62221376,-10321374,-16458016,11328125,-6762695,10102539,10
18053434,40007632,97786252,3959961,-246826168,4099121,10
70839692,-214809168,21328246,-10546875,-2199707,15419922,10
-7503053,-1069771,-70229008,25170898,-1484375,65478516,10
43946564,6567175,-25496182,2944336,-5114746,6750488,10
7174809,11648855,23770992,-9863281,-795898436,11494141,10
-42748092,-9292367,-8793893,-60058592,-13793946,11811524,10
-20732824,74274808,29541984,374267568,-23168946,18066406,10
44190836,22854962,15351145,-48828124,-25170898,92871096,10
-38244276,-6494656,64732824,-4736328,-15454102,13530274,10
-44648852,-4617557,-9847328,3618164,-9326172,48242188,10
13322138,10525191,30450382,-114990232,-7543945,1911377,10
-8131298,-15078626,-18396946,-6542969,-14282226,12546387,10
-11496183,18824426,74961832,3947754,-198242192,27246094,10
8187023,8140458,14015267,-10058594,-31347656,13811035,10
-9256489,-17168702,-14503818,12573242,-238037108,733398436,10
2157252,7457252,6625954,34326172,-3791504,54296876,10
24503818,-8503817,-366412232,-1274414,7910156,13835449,10
-6474809,-9848855,-19007634,26464844,-2763672,5656738,10
36816796,14261068,-63206104,33007812,-13134766,15893554,10
-30480917,-5664122,12717557,-16333008,-1262207,13381348,10
-2774809,-32549616,-6725191,45141602,-122558592,19458008,10
5061832,51030532,10526717,-2758789,-2590332,1999939,10
-7547328,-11932825,-2532061,17895508,5859375,7258301,10
7369466,9599236,21030534,28979492,-2770996,2932129,10
-7245038,-9734351,-72366416,-13134766,-795898436,15136719,10
13938931,20274808,-49465648,31982422,-3671875,38745116,10
1438168,17335878,-2870229,-5810547,-29467772,15070801,10
-5523664,-63412212,-12648855,336425784,-20092774,38842772,10
15954199,683206136,-45038168,-8618164,-35839844,1552002,10
-7766412,-8073283,-14038168,30297852,-1953125,412109368,10
2608397,9203053,13045801,12524414,-21679688,6960449,10
-9141222,-16031298,13152672,56396484,-44311524,11323242,10
4708397,75061064,16206106,33154296,-3713379,413574216,10
44633588,14610687,19931298,-1850586,14135742,15998535,10
16145038,-117404584,-19694656,36694336,-35546876,49951172,10
9847328,15512213,17335878,14282226,-3630371,47314452,10
-7296183,-13457252,-20564886,20214844,-365722668,67456056,10
